id,xcoord,ycoord,xcoord_scaled,ycoord_scaled
900,282.221143617021,-812.860505319149,477.820,-1376.229
900,282.356229423761,-817.858680168514,478.049,-1384.691
900,282.4913152305,-822.856855017878,478.277,-1393.154
900,282.62640103724,-827.855029867242,478.506,-1401.616
900,282.761486843979,-832.853204716606,478.735,-1410.078
900,282.896572650719,-837.851379565971,478.964,-1418.540
900,283.031658457459,-842.849554415335,479.192,-1427.003
900,284.439978988126,-847.639925189382,481.577,-1435.113
900,285.901071666121,-852.421683044638,484.050,-1443.209
900,287.362164344117,-857.203440899895,486.524,-1451.305
900,288.823257022112,-861.985198755152,488.998,-1459.401
900,290.284349700107,-866.766956610408,491.472,-1467.497
900,291.745442378102,-871.548714465665,493.945,-1475.592
900,293.679648446101,-876.15327030642,497.220,-1483.388
900,295.719348757051,-880.7183138595,500.673,-1491.117
900,297.759049068001,-885.283357412579,504.127,-1498.846
900,299.798749378951,-889.848400965658,507.580,-1506.575
900,301.838449689902,-894.413444518737,511.033,-1514.304
900,303.878150000852,-898.978488071816,514.487,-1522.033
900,305.917850311802,-903.543531624895,517.940,-1529.762
900,307.957550622752,-908.108575177974,521.393,-1537.491
900,310.266444998084,-912.528834161124,525.303,-1544.975
900,312.95082245905,-916.747141599785,529.847,-1552.116
900,315.635199920016,-920.965449038445,534.392,-1559.258
900,318.319577380982,-925.183756477106,538.937,-1566.400
900,321.058772925829,-929.36392468366,543.575,-1573.478
900,324.0807053327,-933.347381038172,548.691,-1580.222
900,327.102637739571,-937.330837392684,553.807,-1586.966
900,330.124570146442,-941.314293747196,558.924,-1593.710
900,333.146502553313,-945.297750101708,564.040,-1600.455
900,336.168434960184,-949.28120645622,569.156,-1607.199
900,339.393698253336,-953.064515220988,574.617,-1613.604
900,343.328977829093,-956.148923537121,581.280,-1618.826
900,347.264257404849,-959.233331853255,587.942,-1624.049
900,351.199536980606,-962.317740169388,594.605,-1629.271
900,355.134816556362,-965.402148485522,601.268,-1634.493
900,359.070096132119,-968.486556801655,607.931,-1639.715
900,363.005375707875,-971.570965117789,614.593,-1644.937
900,366.940655283632,-974.655373433922,621.256,-1650.159
900,371.145795526512,-977.323018082263,628.376,-1654.676
900,375.570386638422,-979.651750246426,635.867,-1658.618
900,379.994977750332,-981.98048241059,643.358,-1662.561
900,384.446162125084,-984.175911035051,650.894,-1666.278
900,389.425628157422,-983.723232304838,659.325,-1665.512
900,394.405094189761,-983.270553574625,667.755,-1664.745
900,399.384560222099,-982.817874844413,676.186,-1663.979
900,403.386336985174,-980.721990532877,682.961,-1660.430
900,406.1598379663,-976.561739061188,687.657,-1653.387
900,408.778334383776,-972.336035287058,692.090,-1646.232
900,409.825979827431,-967.447023216671,693.864,-1637.955
900,410.873625271085,-962.558011146284,695.638,-1629.677
900,411.921270714739,-957.668999075897,697.411,-1621.400
900,412.968916158394,-952.77998700551,699.185,-1613.123
900,413.579587765957,-947.844681772053,700.219,-1604.767
900,413.579587765957,-942.844681772053,700.219,-1596.301
900,413.579587765957,-937.844681772053,700.219,-1587.836
900,413.579587765957,-932.844681772053,700.219,-1579.371
900,413.579587765957,-927.844681772053,700.219,-1570.905
900,413.579587765957,-922.844681772053,700.219,-1562.440
900,412.834151235097,-917.949083844115,698.957,-1554.151
900,411.46054559561,-913.141464105911,696.631,-1546.012
900,410.086939956123,-908.333844367707,694.306,-1537.872
900,408.713334316636,-903.526224629503,691.980,-1529.733
900,407.339728677149,-898.718604891299,689.654,-1521.593
900,405.416148108901,-894.113278499158,686.398,-1513.796
900,403.347133387395,-889.561446111845,682.895,-1506.089
900,401.278118665889,-885.009613724532,679.392,-1498.383
900,399.209103944383,-880.457781337219,675.889,-1490.676
900,397.140089222878,-875.905948949906,672.386,-1482.969
900,395.071074501372,-871.354116562593,668.883,-1475.263
900,393.002059779866,-866.80228417528,665.380,-1467.556
900,390.93304505836,-862.250451787967,661.877,-1459.850
900,388.671845660549,-857.791511937007,658.048,-1452.300
900,386.390262422568,-853.342424622944,654.185,-1444.768
900,384.108679184586,-848.89333730888,650.323,-1437.235
900,381.827095946605,-844.444249994816,646.460,-1429.703
900,379.545512708624,-839.995162680753,642.597,-1422.170
900,377.263929470642,-835.546075366689,638.734,-1414.637
900,374.982346232661,-831.096988052625,634.871,-1407.105
900,371.522011944772,-827.593641392188,629.013,-1401.173
900,367.673222142805,-824.401962044215,622.496,-1395.770
900,363.824432340838,-821.210282696243,615.980,-1390.366
900,359.975642538871,-818.01860334827,609.464,-1384.962
900,356.126852736904,-814.826924000298,602.947,-1379.558
900,352.278062934937,-811.635244652325,596.431,-1374.155
900,348.42927313297,-808.443565304352,589.915,-1368.751
900,344.580483331003,-805.25188595638,583.399,-1363.347
900,340.695190427348,-802.115577881055,576.821,-1358.037
900,336.244973603055,-799.836198532027,569.286,-1354.178
900,331.794756778762,-797.556819182999,561.752,-1350.319
900,327.344539954468,-795.27743983397,554.217,-1346.460
900,322.894323130175,-792.998060484942,546.682,-1342.601
900,318.444106305882,-790.718681135914,539.148,-1338.742
900,313.993889481588,-788.439301786886,531.613,-1334.882
900,309.543672657295,-786.159922437857,524.079,-1331.023
900,304.851608046337,-785.674828443361,516.135,-1330.202
900,299.956705947649,-786.694599713921,507.847,-1331.928
900,295.061803848961,-787.714370984481,499.560,-1333.655
900,290.166901750273,-788.734142255041,491.273,-1335.382
900,287.240794420414,-791.827693968385,486.319,-1340.619
900,285.968327924016,-796.663066654698,484.164,-1348.806
900,284.695861427617,-801.498439341011,482.010,-1356.992
900,283.521923177155,-806.356607518477,480.022,-1365.218
900,282.541342501465,-811.259510896932,478.362,-1373.519
850,353.239460640419,-740.403204018009,598.059,-1253.554
850,355.497003181387,-744.864538087065,601.881,-1261.107
850,357.754545722355,-749.325872156121,605.703,-1268.661
850,360.012088263323,-753.787206225177,609.525,-1276.214
850,362.269630804291,-758.248540294233,613.348,-1283.767
850,364.550899565188,-762.697658097423,617.210,-1291.300
850,366.804591338235,-767.158547114054,621.026,-1298.853
850,368.796475316143,-771.744656382111,624.398,-1306.617
850,370.78835929405,-776.330765650167,627.770,-1314.382
850,372.780243271958,-780.916874918224,631.143,-1322.146
850,374.772127249866,-785.502984186281,634.515,-1329.911
850,376.764011227773,-790.089093454337,637.888,-1337.676
850,378.755895205681,-794.675202722394,641.260,-1345.440
850,380.747779183588,-799.261311990451,644.632,-1353.205
850,382.739663161496,-803.847421258507,648.005,-1360.969
850,385.409856306691,-808.068786640052,652.526,-1368.116
850,388.137392229571,-812.259317368898,657.144,-1375.211
850,390.864928152451,-816.449848097744,661.761,-1382.306
850,393.59246407533,-820.640378826589,666.379,-1389.401
850,396.31999999821,-824.830909555435,670.997,-1396.496
850,399.04753592109,-829.021440284281,675.615,-1403.591
850,401.77507184397,-833.211971013126,680.233,-1410.686
850,404.50260776685,-837.402501741972,684.851,-1417.780
850,407.23014368973,-841.593032470818,689.469,-1424.875
850,409.95767961261,-845.783563199663,694.087,-1431.970
850,412.685215535489,-849.974093928509,698.705,-1439.065
850,415.412751458369,-854.164624657355,703.323,-1446.160
850,418.140287381249,-858.355155386201,707.940,-1453.255
850,420.867823304129,-862.545686115046,712.558,-1460.350
850,423.260153292525,-866.935861188359,716.609,-1467.782
850,425.645612607046,-871.330128346687,720.648,-1475.222
850,428.031071921567,-875.724395505016,724.686,-1482.662
850,430.416531236089,-880.118662663344,728.725,-1490.102
850,432.80199055061,-884.512929821673,732.764,-1497.542
850,435.187449865131,-888.907196980001,736.803,-1504.981
850,437.572909179652,-893.301464138329,740.841,-1512.421
850,439.958368494173,-897.695731296658,744.880,-1519.861
850,442.343827808694,-902.089998454986,748.919,-1527.301
850,444.729287123216,-906.484265613315,752.958,-1534.741
850,447.114746437737,-910.878532771643,756.996,-1542.180
850,449.500205752258,-915.272799929972,761.035,-1549.620
850,451.885665066779,-919.6670670883,765.074,-1557.060
850,453.24747171849,-924.475836157925,767.379,-1565.202
850,454.59146655756,-929.291817664591,769.655,-1573.355
850,455.93546139663,-934.107799171258,771.930,-1581.509
850,457.2794562357,-938.923780677924,774.206,-1589.663
850,458.623451074769,-943.739762184591,776.481,-1597.817
850,459.967445913839,-948.555743691257,778.757,-1605.971
850,461.311440752909,-953.371725197924,781.032,-1614.124
850,462.595518293332,-958.203855138021,783.206,-1622.306
850,463.853687552157,-963.042967671962,785.336,-1630.498
850,465.111856810981,-967.882080205904,787.467,-1638.691
850,466.370026069806,-972.721192739845,789.597,-1646.884
850,467.628195328631,-977.560305273786,791.727,-1655.077
850,468.886364587456,-982.399417807728,793.857,-1663.270
850,470.14453384628,-987.238530341669,795.987,-1671.463
850,471.402703105105,-992.07764287561,798.117,-1679.656
850,471.933642271907,-996.901818629387,799.016,-1687.824
850,470.477834192994,-1001.68518803153,796.552,-1695.922
850,469.02202611408,-1006.46855743368,794.087,-1704.021
850,467.566218035167,-1011.25192683582,791.622,-1712.120
850,465.577837428018,-1015.76512190449,788.256,-1719.761
850,462.577837428018,-1019.76512190449,783.176,-1726.533
850,459.577837428018,-1023.76512190449,778.097,-1733.305
850,456.509435548513,-1027.70013792943,772.902,-1739.968
850,452.668329150527,-1030.90105992775,766.399,-1745.387
850,448.82722275254,-1034.10198192608,759.896,-1750.806
850,444.986116354553,-1037.3029039244,753.392,-1756.226
850,441.00838618612,-1040.30451653963,746.658,-1761.308
850,436.637599805513,-1042.73273119552,739.258,-1765.419
850,432.266813424905,-1045.16094585141,731.858,-1769.530
850,427.896027044297,-1047.58916050731,724.458,-1773.641
850,423.254389533577,-1046.23887458422,716.599,-1771.355
850,418.581950858932,-1044.45889794626,708.688,-1768.341
850,413.909512184288,-1042.6789213083,700.777,-1765.328
850,409.313558870542,-1040.7371362239,692.996,-1762.040
850,404.972343159919,-1038.25644153211,685.646,-1757.840
850,400.631127449297,-1035.77574684033,678.296,-1753.640
850,396.289911738675,-1033.29505214854,670.946,-1749.440
850,391.948696028052,-1030.81435745676,663.596,-1745.240
850,387.60748031743,-1028.33366276498,656.246,-1741.040
850,383.266264606808,-1025.85296807319,648.896,-1736.840
850,378.925048896186,-1023.37227338141,641.546,-1732.640
850,374.583833185563,-1020.89157868962,634.196,-1728.440
850,370.240745412017,-1018.41430025088,626.843,-1724.246
850,365.813755897828,-1016.09013075593,619.348,-1720.311
850,361.386766383638,-1013.76596126098,611.853,-1716.376
850,356.959776869448,-1011.44179176603,604.358,-1712.441
850,352.532787355258,-1009.11762227109,596.862,-1708.506
850,348.105797841069,-1006.79345277614,589.367,-1704.571
850,343.678808326879,-1004.46928328119,581.872,-1700.636
850,339.251818812689,-1002.14511378624,574.377,-1696.701
850,335.383903977027,-999.054155335026,567.828,-1691.468
850,331.817221819453,-995.550046548638,561.790,-1685.535
850,328.250539661879,-992.04593776225,555.751,-1679.603
850,324.683857504305,-988.541828975861,549.712,-1673.670
850,321.117175346731,-985.037720189473,543.674,-1667.737
850,317.550493189157,-981.533611403084,537.635,-1661.804
850,313.983811031584,-978.029502616696,531.596,-1655.872
850,310.41712887401,-974.525393830308,525.558,-1649.939
850,306.850446716436,-971.021285043919,519.519,-1644.006
850,303.283764558862,-967.517176257531,513.480,-1638.074
850,299.717082401288,-964.013067471143,507.442,-1632.141
850,296.150400243714,-960.508958684754,501.403,-1626.208
850,292.58371808614,-957.004849898366,495.365,-1620.276
850,289.298831052293,-953.247446821815,489.803,-1613.914
850,286.193422862338,-949.328717439252,484.545,-1607.279
850,283.088014672382,-945.40998805669,479.288,-1600.645
850,279.982606482427,-941.491258674127,474.030,-1594.010
850,276.877198292472,-937.572529291565,468.772,-1587.375
850,273.771790102517,-933.653799909002,463.515,-1580.741
850,270.666381912562,-929.73507052644,458.257,-1574.106
850,267.560973722606,-925.816341143877,452.999,-1567.471
850,264.455565532651,-921.897611761315,447.742,-1560.837
850,261.350157342696,-917.978882378752,442.484,-1554.202
850,258.244749152741,-914.060152996189,437.226,-1547.567
850,256.157507994424,-909.623544737374,433.692,-1540.056
850,254.819288675493,-904.805955189224,431.427,-1531.899
850,253.481069356563,-899.988365641074,429.161,-1523.743
850,252.142850037632,-895.170776092924,426.895,-1515.586
850,250.804630718702,-890.353186544775,424.630,-1507.430
850,249.466411399771,-885.535596996625,422.364,-1499.273
850,248.128192080841,-880.718007448475,420.098,-1491.117
850,246.789972761911,-875.900417900326,417.833,-1482.960
850,245.45175344298,-871.082828352176,415.567,-1474.804
850,244.11353412405,-866.265238804026,413.301,-1466.647
850,242.775314805119,-861.447649255877,411.035,-1458.491
850,241.437095486189,-856.630059707727,408.770,-1450.334
850,240.504626720688,-851.745647993656,407.191,-1442.064
850,240.227276622575,-846.753346227628,406.721,-1433.612
850,239.949926524462,-841.761044461601,406.252,-1425.160
850,239.67257642635,-836.768742695574,405.782,-1416.707
850,239.395226328237,-831.776440929547,405.313,-1408.255
850,239.117876230124,-826.78413916352,404.843,-1399.803
850,238.840526132012,-821.791837397493,404.374,-1391.351
850,238.563176033899,-816.799535631466,403.904,-1382.898
850,238.285825935787,-811.807233865439,403.434,-1374.446
850,238.008475837674,-806.814932099412,402.965,-1365.994
850,237.731125739561,-801.822630333385,402.495,-1357.541
850,237.453775641449,-796.830328567358,402.026,-1349.089
850,238.77074145234,-792.182336640107,404.255,-1341.220
850,241.083571485815,-787.74941240928,408.171,-1333.714
850,243.39640151929,-783.316488178452,412.087,-1326.209
850,245.709231552765,-778.883563947625,416.003,-1318.704
850,248.02206158624,-774.450639716798,419.919,-1311.199
850,250.334891619716,-770.017715485971,423.834,-1303.693
850,252.647721653191,-765.584791255143,427.750,-1296.188
850,254.960551686666,-761.151867024316,431.666,-1288.683
850,257.542873602521,-756.95755481715,436.038,-1281.582
850,261.663083223518,-754.124910702715,443.014,-1276.786
850,265.783292844515,-751.292266588279,449.990,-1271.990
850,269.903502465512,-748.459622473844,456.965,-1267.194
850,274.023712086508,-745.626978359409,463.941,-1262.398
850,278.143921707505,-742.794334244973,470.917,-1257.602
850,282.264131328502,-739.961690130538,477.893,-1252.806
850,286.670250009889,-737.613711431226,485.353,-1248.831
850,291.142385964888,-735.377643453726,492.924,-1245.045
850,295.614521919888,-733.141575476226,500.496,-1241.259
850,300.086657874888,-730.905507498727,508.068,-1237.474
850,304.558793829887,-728.669439521227,515.639,-1233.688
850,309.030929784887,-726.433371543727,523.211,-1229.902
850,313.503065739886,-724.197303566227,530.782,-1226.116
850,317.975201694886,-721.961235588727,538.354,-1222.330
850,322.838485357683,-721.907617091783,546.588,-1222.240
850,327.808831348162,-722.451364031936,555.003,-1223.160
850,332.779177338641,-722.995110972089,563.418,-1224.081
850,337.642587274189,-723.749277070791,571.652,-1225.358
850,341.011741485783,-727.443705294277,577.357,-1231.613
850,344.380895697378,-731.138133517764,583.061,-1237.868
850,347.750049908973,-734.83256174125,588.765,-1244.122
850,351.119204120567,-738.526989964737,594.469,-1250.377
800,214.502194148936,-773.697739361702,363.167,-1309.924
800,213.128588509449,-778.505359099907,360.841,-1318.064
800,211.754982869962,-783.312978838111,358.516,-1326.203
800,210.381377230475,-788.120598576315,356.190,-1334.343
800,209.007771590988,-792.928218314519,353.865,-1342.482
800,207.634165951502,-797.735838052723,351.539,-1350.622
800,206.260560312015,-802.543457790927,349.213,-1358.762
800,204.886954672528,-807.351077529131,346.888,-1366.901
800,203.513349033041,-812.158697267335,344.562,-1375.041
800,202.139743393554,-816.966317005539,342.237,-1383.181
800,198.966145452851,-819.387632978724,336.863,-1387.280
800,198.052619644622,-823.603804350806,335.317,-1394.418
800,197.896445882734,-828.601364731241,335.052,-1402.880
800,197.740272120845,-833.598925111677,334.788,-1411.341
800,197.584098358956,-838.596485492112,334.524,-1419.802
800,197.427924597068,-843.594045872547,334.259,-1428.263
800,197.271750835179,-848.591606252983,333.995,-1436.724
800,197.115577073291,-853.589166633418,333.730,-1445.186
800,196.959403311402,-858.586727013853,333.466,-1453.647
800,196.803229549513,-863.584287394289,333.202,-1462.108
800,196.647055787625,-868.581847774724,332.937,-1470.569
800,196.90602024738,-873.548503647826,333.376,-1478.978
800,197.80044743838,-878.467853198326,334.890,-1487.307
800,198.69487462938,-883.387202748825,336.404,-1495.636
800,199.58930182038,-888.306552299325,337.919,-1503.965
800,200.48372901138,-893.225901849824,339.433,-1512.293
800,201.37815620238,-898.145251400324,340.947,-1520.622
800,202.27258339338,-903.064600950824,342.462,-1528.951
800,203.287494811813,-907.945376275635,344.180,-1537.214
800,205.416479993462,-912.46946978664,347.784,-1544.874
800,207.545465175112,-916.993563297645,351.389,-1552.534
800,209.674450356761,-921.51765680865,354.993,-1560.193
800,211.80343553841,-926.041750319655,358.598,-1567.853
800,213.93242072006,-930.56584383066,362.202,-1575.512
800,216.061405901709,-935.089937341664,365.807,-1583.172
800,219.548995148453,-938.659168020794,371.712,-1589.215
800,223.084529054386,-942.194701926727,377.698,-1595.201
800,226.620062960319,-945.73023583266,383.683,-1601.187
800,230.155596866252,-949.265769738592,389.669,-1607.173
800,233.691130772184,-952.801303644525,395.655,-1613.159
800,237.226664678117,-956.336837550458,401.641,-1619.145
800,240.768132444134,-959.866195496713,407.637,-1625.120
800,244.442149667271,-963.257596010378,413.858,-1630.862
800,248.116166890408,-966.648996524043,420.078,-1636.604
800,251.790184113546,-970.040397037709,426.298,-1642.346
800,255.464201336683,-973.431797551374,432.519,-1648.087
800,259.138218559821,-976.823198065039,438.739,-1653.829
800,262.812235782958,-980.214598578705,444.959,-1659.571
800,266.486253006096,-983.60599909237,451.180,-1665.313
800,270.160270229233,-986.997399606036,457.400,-1671.055
800,273.834287452371,-990.388800119701,463.620,-1676.797
800,277.508304675508,-993.780200633366,469.841,-1682.539
800,281.182321898645,-997.171601147031,476.061,-1688.281
800,284.856339121783,-1000.5630016607,482.282,-1694.023
800,288.53035634492,-1003.95440217436,488.502,-1699.764
800,292.204373568058,-1007.34580268803,494.722,-1705.506
800,295.878390791195,-1010.73720320169,500.943,-1711.248
800,299.552408014333,-1014.12860371536,507.163,-1716.990
800,303.22642523747,-1017.52000422902,513.383,-1722.732
800,307.251186300847,-1020.46568448425,520.198,-1727.719
800,311.411437772536,-1023.23918546538,527.241,-1732.415
800,315.571689244225,-1026.01268644651,534.285,-1737.111
800,319.731940715914,-1028.78618742763,541.328,-1741.806
800,323.892192187604,-1031.55968840876,548.372,-1746.502
800,328.052443659293,-1034.33318938988,555.416,-1751.198
800,332.212695130982,-1037.10669037101,562.459,-1755.894
800,336.372946602671,-1039.88019135214,569.503,-1760.589
800,340.533198074361,-1042.65369233326,576.546,-1765.285
800,344.69344954605,-1045.42719331439,583.590,-1769.981
800,348.853701017739,-1048.20069429551,590.633,-1774.676
800,353.013952489428,-1050.97419527664,597.677,-1779.372
800,357.174203961117,-1053.74769625777,604.721,-1784.068
800,360.758528456543,-1057.20105624017,610.789,-1789.915
800,364.17823410095,-1060.84874226087,616.579,-1796.090
800,367.597939745356,-1064.49642828157,622.369,-1802.266
800,371.017645389763,-1068.14411430227,628.159,-1808.442
800,374.437351034169,-1071.79180032297,633.948,-1814.618
800,377.857056678576,-1075.43948634367,639.738,-1820.794
800,381.276762322983,-1079.08717236437,645.528,-1826.969
800,384.436186759785,-1082.95334653078,650.877,-1833.515
800,387.436186759785,-1086.95334653078,655.956,-1840.287
800,390.436186759785,-1090.95334653078,661.036,-1847.060
800,393.436186759785,-1094.95334653078,666.115,-1853.832
800,396.436186759785,-1098.95334653078,671.194,-1860.604
800,399.436186759785,-1102.95334653078,676.273,-1867.376
800,402.436186759785,-1106.95334653078,681.352,-1874.149
800,405.436186759785,-1110.95334653078,686.432,-1880.921
800,408.33171584999,-1115.02726127499,691.334,-1887.818
800,411.105216831116,-1119.18751274667,696.030,-1894.862
800,413.878717812242,-1123.34776421836,700.725,-1901.906
800,416.652218793369,-1127.50801569005,705.421,-1908.949
800,419.425719774495,-1131.66826716174,710.117,-1915.993
800,422.199220755621,-1135.82851863343,714.813,-1923.036
800,424.972721736747,-1139.98877010512,719.508,-1930.080
800,427.98280153266,-1143.96430641997,724.605,-1936.811
800,431.346165502642,-1147.66400678695,730.299,-1943.075
800,434.709529472624,-1151.36370715393,735.993,-1949.339
800,438.072893442605,-1155.06340752091,741.688,-1955.602
800,441.436257412587,-1158.76310788789,747.382,-1961.866
800,445.698851008464,-1160.43005319149,754.599,-1964.689
800,450.698851008464,-1160.43005319149,763.064,-1964.689
800,455.698851008464,-1160.43005319149,771.530,-1964.689
800,459.324322623072,-1157.11164812161,777.668,-1959.070
800,462.859856529005,-1153.57611421568,783.654,-1953.084
800,465.675362764888,-1149.5018282821,788.421,-1946.186
800,468.069623418291,-1145.11235041753,792.474,-1938.755
800,470.463884071693,-1140.72287255296,796.528,-1931.323
800,472.858144725096,-1136.33339468839,800.582,-1923.891
800,475.252405378499,-1131.94391682382,804.635,-1916.460
800,477.646666031902,-1127.55443895924,808.689,-1909.028
800,480.040926685305,-1123.16496109467,812.743,-1901.596
800,482.435187338708,-1118.7754832301,816.796,-1894.164
800,484.199537514251,-1114.15567416201,819.783,-1886.343
800,485.201518694994,-1109.25709950059,821.480,-1878.049
800,486.203499875738,-1104.35852483918,823.176,-1869.756
800,487.205481056481,-1099.45995017777,824.873,-1861.462
800,488.207462237225,-1094.56137551636,826.569,-1853.168
800,489.209443417969,-1089.66280085494,828.265,-1844.875
800,490.211424598712,-1084.76422619353,829.962,-1836.581
800,491.213405779456,-1079.86565153212,831.658,-1828.287
800,492.215386960199,-1074.9670768707,833.355,-1819.994
800,493.217368140943,-1070.06850220929,835.051,-1811.700
800,494.219349321686,-1065.16992754788,836.748,-1803.407
800,495.22133050243,-1060.27135288647,838.444,-1795.113
800,496.223311683173,-1055.37277822505,840.140,-1786.819
800,497.225292863917,-1050.47420356364,841.837,-1778.526
800,498.22727404466,-1045.57562890223,843.533,-1770.232
800,498.838032458253,-1040.61713233523,844.567,-1761.837
800,499.348176785746,-1035.64322514217,845.431,-1753.416
800,499.858321113238,-1030.66931794912,846.295,-1744.995
800,500.368465440731,-1025.69541075606,847.158,-1736.573
800,500.878609768224,-1020.721503563,848.022,-1728.152
800,501.388754095717,-1015.74759636995,848.886,-1719.731
800,501.89889842321,-1010.77368917689,849.750,-1711.310
800,502.409042750703,-1005.79978198384,850.613,-1702.889
800,502.919187078195,-1000.82587479078,851.477,-1694.468
800,503.429331405688,-995.851967597728,852.341,-1686.046
800,503.939475733181,-990.878060404673,853.204,-1677.625
800,504.449620060674,-985.904153211618,854.068,-1669.204
800,504.958941654997,-980.930250784417,854.930,-1660.783
800,504.391208699193,-975.962587421135,853.969,-1652.372
800,503.82347574339,-970.994924057853,853.008,-1643.962
800,503.255742787586,-966.02726069457,852.047,-1635.551
800,502.688009831782,-961.059597331289,851.086,-1627.141
800,502.120276875979,-956.091933968007,850.124,-1618.730
800,501.552543920175,-951.124270604725,849.163,-1610.319
800,500.984810964371,-946.156607241442,848.202,-1601.909
800,500.417078008568,-941.18894387816,847.241,-1593.498
800,499.849345052764,-936.221280514878,846.280,-1585.088
800,499.28161209696,-931.253617151596,845.318,-1576.677
800,498.713879141157,-926.285953788314,844.357,-1568.266
800,497.452162003204,-921.500420785865,842.221,-1560.164
800,495.507301818002,-916.894172978808,838.928,-1552.365
800,493.562441632801,-912.287925171751,835.635,-1544.567
800,491.617581447599,-907.681677364694,832.343,-1536.768
800,489.672721262397,-903.075429557637,829.050,-1528.969
800,487.727861077195,-898.46918175058,825.757,-1521.171
800,485.783000891993,-893.862933943523,822.464,-1513.372
800,483.838140706791,-889.256686136466,819.172,-1505.573
800,481.89328052159,-884.65043832941,815.879,-1497.775
800,479.948420336388,-880.044190522353,812.586,-1489.976
800,478.003560151186,-875.437942715296,809.293,-1482.177
800,476.058699965984,-870.831694908239,806.000,-1474.378
800,474.113839780782,-866.225447101182,802.708,-1466.580
800,472.168979595581,-861.619199294125,799.415,-1458.781
800,470.224119410379,-857.012951487068,796.122,-1450.982
800,468.279259225177,-852.406703680011,792.829,-1443.184
800,466.083323199825,-847.921455843162,789.111,-1435.590
800,463.692109255354,-843.530317508769,785.063,-1428.155
800,461.300895310884,-839.139179174377,781.014,-1420.721
800,458.909681366413,-834.748040839985,776.966,-1413.286
800,456.518467421942,-830.356902505593,772.917,-1405.852
800,454.127253477471,-825.965764171201,768.869,-1398.417
800,451.736039533,-821.574625836809,764.820,-1390.983
800,449.344825588529,-817.183487502417,760.772,-1383.548
800,446.953611644058,-812.792349168025,756.723,-1376.114
800,444.562397699587,-808.401210833633,752.675,-1368.679
800,442.171183755116,-804.010072499241,748.626,-1361.245
800,439.779969810645,-799.618934164848,744.578,-1353.810
800,437.388755866174,-795.227795830456,740.529,-1346.376
800,434.997541921703,-790.836657496064,736.481,-1338.941
800,432.606327977232,-786.445519161672,732.432,-1331.507
800,430.215114032761,-782.05438082728,728.384,-1324.072
800,427.82390008829,-777.663242492888,724.336,-1316.638
800,425.432686143819,-773.272104158496,720.287,-1309.203
800,423.041472199349,-768.880965824104,716.239,-1301.769
800,420.650258254878,-764.489827489712,712.190,-1294.334
800,418.259044310407,-760.09868915532,708.142,-1286.900
800,415.867830365936,-755.707550820928,704.093,-1279.465
800,413.476616421465,-751.316412486536,700.045,-1272.031
800,411.085402476994,-746.925274152143,695.996,-1264.596
800,408.694188532523,-742.534135817751,691.948,-1257.162
800,406.302974588052,-738.142997483359,687.899,-1249.727
800,403.911760643581,-733.751859148967,683.851,-1242.293
800,401.52054669911,-729.360720814575,679.802,-1234.858
800,399.129332754639,-724.969582480183,675.754,-1227.424
800,396.738118810168,-720.578444145791,671.705,-1219.989
800,394.346904865697,-716.187305811399,667.657,-1212.555
800,391.955690921226,-711.796167477007,663.608,-1205.120
800,389.564476976755,-707.405029142615,659.560,-1197.686
800,387.173263032284,-703.013890808223,655.511,-1190.251
800,384.782049087813,-698.62275247383,651.463,-1182.817
800,382.390835143343,-694.231614139438,647.414,-1175.382
800,379.999621198872,-689.840475805046,643.366,-1167.948
800,377.650868993633,-685.433932734122,639.389,-1160.487
800,376.670288317942,-680.531029355667,637.729,-1152.186
800,375.689707642251,-675.628125977213,636.069,-1143.885
800,374.70912696656,-670.725222598758,634.409,-1135.584
800,373.728546290869,-665.822319220304,632.748,-1127.283
800,372.747965615178,-660.919415841849,631.088,-1118.982
800,371.767384939487,-656.016512463394,629.428,-1110.681
800,370.317614938331,-651.27459157879,626.973,-1102.653
800,368.081546960831,-646.802455623791,623.188,-1095.081
800,365.845478983332,-642.330319668791,619.402,-1087.510
800,363.609411005832,-637.858183713792,615.616,-1079.938
800,361.373343028332,-633.386047758792,611.830,-1072.366
800,359.137275050832,-628.913911803793,608.044,-1064.795
800,355.420650305588,-626.837367021277,601.752,-1061.279
800,350.420650305588,-626.837367021277,593.286,-1061.279
800,345.420650305588,-626.837367021277,584.821,-1061.279
800,340.420650305588,-626.837367021277,576.356,-1061.279
800,335.420650305588,-626.837367021277,567.890,-1061.279
800,330.649641022187,-628.02642018687,559.813,-1063.292
800,326.007257567761,-629.88337356864,551.953,-1066.436
800,321.364874113335,-631.740326950411,544.093,-1069.580
800,316.722490658908,-633.597280332182,536.233,-1072.724
800,312.080107204482,-635.454233713952,528.373,-1075.868
800,307.721943629898,-637.792823442076,520.995,-1079.827
800,303.852157133881,-640.959012393363,514.443,-1085.188
800,299.982370637864,-644.125201344649,507.891,-1090.549
800,296.112584141848,-647.291390295935,501.339,-1095.909
800,292.242797645831,-650.457579247221,494.787,-1101.270
800,289.223584109673,-654.382211361312,489.676,-1107.914
800,286.519796153106,-658.588103738195,485.098,-1115.035
800,283.816008196538,-662.793996115078,480.520,-1122.156
800,281.112220239971,-666.99988849196,475.942,-1129.277
800,278.408432283403,-671.205780868843,471.365,-1136.398
800,275.608854528702,-675.344637798181,466.625,-1143.405
800,272.583438191034,-679.325448768797,461.503,-1150.145
800,269.558021853366,-683.306259739412,456.380,-1156.885
800,266.532605515698,-687.287070710028,451.258,-1163.625
800,263.50718917803,-691.267881680643,446.136,-1170.364
800,260.481772840363,-695.248692651259,441.014,-1177.104
800,257.456356502695,-699.229503621874,435.891,-1183.844
800,254.430940165027,-703.21031459249,430.769,-1190.584
800,251.405523827359,-707.191125563105,425.647,-1197.324
800,248.380107489691,-711.171936533721,420.525,-1204.063
800,245.394181676625,-715.177328136111,415.469,-1210.845
800,243.158113699126,-719.649464091111,411.684,-1218.416
800,240.922045721626,-724.12160004611,407.898,-1225.988
800,238.685977744126,-728.59373600111,404.112,-1233.560
800,236.449909766626,-733.065871956109,400.326,-1241.131
800,234.213841789126,-737.538007911109,396.540,-1248.703
800,231.977773811627,-742.010143866108,392.754,-1256.275
800,229.741705834127,-746.482279821108,388.969,-1263.846
800,227.505637856627,-750.954415776108,385.183,-1271.418
800,225.269569879127,-755.426551731107,381.397,-1278.990
800,223.033501901627,-759.898687686107,377.611,-1286.561
800,220.797433924128,-764.370823641106,373.825,-1294.133
800,218.561365946628,-768.842959596106,370.040,-1301.704
800,216.325297969128,-773.315095551106,366.254,-1309.276
